feature,importances
tansho_odds_20,220303.71967244148
jockey_TrueSkill_horse_Glicko2_ranking,147558.08743190765
jockey_TrueSkill_max_horse_Glicko2_ranking,126013.83141374588
jockey_TrueSkill_min_horse_Glicko2_ranking,124305.31971824169
jockey_EloRating_horse_Glicko2,84682.13592910767
jockey_TrueSkill_horse_Glicko2_min,76603.84106302261
jockey_EloRating_horse_Glicko2_min,76135.66178035736
jockey_TrueSkill_max_horse_Glicko2,63844.29234087467
jockey_TrueSkill_min_horse_Glicko2_min,60581.19644570351
jockey_TrueSkill_horse_Glicko2,57461.967118024826
jockey_TrueSkill_max_horse_Glicko2_min,56706.84394836426
horse_EloRating_diff_from_last1_racing,50203.384749770164
jockey_TrueSkill_min_horse_Glicko2,46110.0185341835
horse_Glicko2_min_horse_Glicko2_max,32347.273794054985
tansho_odds_20_ranking,30375.862547636032
horse_Glicko2_horse_Glicko2_min,30341.321514964104
horse_Glicko2_min,26752.508553504944
horse_TrueSkill_jockey_TrueSkill_min,24596.929167985916
horse_TrueSkill_jockey_TrueSkill,23142.417448997498
horse_TrueSkill_jockey_TrueSkill_max,18769.420305132866
horse_Glicko2,17835.90493619442
past_pop_mean_grouped_class_code,16752.90572786331
horse_TrueSkill_max_horse_Glicko2_min,16657.106926441193
horse_TrueSkill_horse_Glicko2_min,14582.826878547668
lifetime_prize_per_race,13119.560918092728
horse_EloRating_horse_Glicko2_min,11197.673962593079
horse_TrueSkill_jockey_EloRating,10882.946765184402
horse_EloRating_diff_from_last3_racing,8761.200697302818
horse_win_rate3_field_type,8559.9772605896
horse_Glicko2_horse_Glicko2_max,8346.725948095322
jockey_TrueSkill_min_horse_Glicko2_max,8104.021360874176
jockey_TrueSkill_horse_Glicko2_max,7869.239267587662
past_pop_mean,7757.777181506157
horse_TrueSkill_horse_Glicko2,7334.0205817222595
horse_Glicko2_diff_from_last1_racing,7159.433884978294
horse_win_rate3_class_code,7045.269156217575
past_rank_mean_grouped_class_code,6999.735040664673
horse_win_rate_field_type,6965.312661409378
age,6544.531346440315
horse_Glicko2_diff_from_last3_racing,6348.535376667976
jockey_TrueSkill_max_horse_Glicko2_max,6103.943714857101
basis_weight_per_weight,5949.24095082283
horse_win_rate3_weight_code,5831.837671756744
all_win_rate3_father_field_type,5176.2458127737045
all_win_rate3_owner_class_code_field_type,4837.697050333023
past_rank_mean,4794.269828438759
horse_TrueSkill_min_horse_Glicko2_min,4792.046315193176
horse_win_rate3_age_code,4687.305256605148
horse_win_rate3_jockey_id_field_type,4664.911290407181
horse_Glicko2_max,4476.070199966431
age_type,4181.800433516502
horse_win_rate3_age_type,4156.470060110092
jockey_EloRating_horse_Glicko2_max,4115.7161428928375
all_win_rate3_mother_field_type,4063.7878972291946
horse_win_rate3_dist_type_class_code,3926.097976922989
all_prize_in_group_father_mother,3919.855676174164
past_last_3F_time_mean_grouped_dist,3915.4291117191315
horse_win_rate3_season_class_code,3889.6585549116135
horse_EloRating_horse_Glicko2,3776.5609831809998
horse_TrueSkill_diff_from_last1_racing,3730.8473834991455
all_win_rate3_mother_jockey_id,3486.179634809494
last_3F_time_mean_all,3481.607834339142
horse_TrueSkill_min_horse_Glicko2,3426.8397740125656
all_win_rate3_mother_class_code,3304.385109305382
past_last_3F_time_mean,3297.4863452911377
past_corner3_rank_mean,3242.5662298202515
past_last_3F_rank_mean_grouped_dist_type,3192.4440375566483
horse_TrueSkill_diff_from_last3_racing,3137.522411942482
all_win_rate_season_waku,3115.580087184906
all_win_rate3_father_broodmare_sire_jockey_id,3099.6159403324127
all_win_rate3_turn_type_field_type_place_waku,3015.4613320827484
horse_win_rate3_jockey_id,2978.332267999649
all_win_rate_father_field_type,2939.2183153629303
all_win_rate3_trainer_id_jockey_id_class_code_field_type,2815.951952934265
horse_Glicko2_RD,2813.021883249283
horse_TrueSkill_min_horse_TrueSkill_max,2793.1888465881348
horse_TrueSkill_horse_TrueSkill_min,2777.399969100952
all_win_rate3_field_type_place_waku,2774.1781492233276
逃げ_cumcount_past_racing,2738.379393339157
all_win_rate3_mother_track_code,2690.9180924892426
horse_TrueSkill_max_horse_Glicko2,2628.44788980484
last_3F_time_last_3,2627.281368970871
all_win_rate3_horse,2545.8136483430862
past_corner1_rank_mean,2503.3293401002884
last_3F_time_last_1,2496.32050549984
last_3F_time_last_2,2473.258005976677
past_corner2_rank_mean,2464.950423717499
all_win_rate_mother_field_type,2461.66801404953
past_last_3F_time_mean_grouped_dist_type,2422.975725531578
past_pop_mean_grouped_dist_type,2363.406909227371
horse_win_rate3_dist_class_code,2360.860037922859
weight_mean_last_1_to_3,2352.196776866913
all_win_rate3_mother_place_field_type,2344.986211180687
all_win_rate3_trainer_id_field_type,2316.9328929185867
all_win_rate3_father_track_code,2306.496229171753
weight_last_3,2270.914110183716
all_win_rate3_father_broodmare_sire_trainer_id,2259.426012992859
weight_last_1,2254.283592224121
last_3F_time_mean_last_1_to_3,2225.136127114296
weight,2223.454629421234
horse_win_rate3_trainer_id,2193.26990878582
all_win_rate3_trainer_id_class_code_field_type,2178.8396379947662
sex,2147.1740466356277
weight_last_2,2143.073417663574
weight_mean_all,2133.56063747406
all_win_rate_state_waku,2067.6089712381363
all_win_rate_trainer_id_place,2022.414080619812
all_win_rate3_state_waku,2007.821247935295
all_win_rate_trainer_id_field_type,1986.3791815042496
all_win_rate3_turn_type_waku,1964.1938691139221
中団_cumcount_past_racing,1937.90405523777
all_win_rate3_trainer_id_jockey_id_state_field_type,1935.153121829033
all_win_rate3_owner_class_code_race_type_waku,1924.738817334175
past_corner2_rank_mean_grouped_dist_type,1914.5337867736816
all_win_rate3_race_type_waku,1838.3056344985962
all_win_rate_owner_field_type,1832.1068613529205
all_win_rate3_trainer_id_class_code,1814.9340302944183
all_win_rate3_father_broodmare_sire_field_type,1814.6793348789215
past_last_3F_rank_mean_grouped_dist,1766.5247972011566
all_win_rate3_weather_state_place_field_type_waku,1734.04137134552
past_corner3_rank_mean_grouped_dist_type,1713.6022568941116
all_win_rate_corner_num_waku,1668.3603901863098
past_last_3F_time_mean_grouped_dist_type_waku,1660.7203916311264
basis_weight_plus_weight,1644.1234531402588
horse_TrueSkill_min_horse_Glicko2_max,1643.459949851036
all_win_rate3_season_waku,1640.3068890571594
all_win_rate3_trainer_id_place,1581.1071784496307
先行_per_entries,1533.6812913417816
horse_win_rate_track_code,1527.6651784181595
past_corner1_rank_mean_grouped_dist_type,1519.6006001234055
all_win_rate3_trainer_id_jockey_id_field_type,1514.8288984298706
all_win_rate_weather_waku,1513.1334154605865
horse_TrueSkill_max_jockey_EloRating,1503.0849348306656
horse_TrueSkill_min_jockey_TrueSkill_max,1499.2797560691833
past_corner2_rank_mean_grouped_dist,1485.9737620353699
past_corner3_rank_mean_grouped_dist,1484.2185670137405
all_win_rate3_father_broodmare_sire_age_code,1473.2141304016113
all_prize_per_racing_in_group_father,1433.0402374267578
all_win_rate3_father_broodmare_sire_owner,1391.3499267101288
all_win_rate_mother_track_code,1387.541152715683
all_win_rate3_owner_field_type,1384.5974538326263
horse_TrueSkill_min_jockey_TrueSkill,1378.3997328281403
all_win_rate3_corner_num_waku,1333.1277462244034
all_win_rate3_corner_num_field_type_waku,1332.6134057044983
all_win_rate_trainer_id,1332.3404088020325
past_last_3F_rank_mean_grouped_dist_type_waku,1326.4607328176498
all_win_rate3_trainer_id_state_field_type,1308.6660982370377
all_win_rate_field_type_place_waku,1297.559241771698
all_win_rate_trainer_id_class_code_field_type,1286.6974878311157
horse_win_rate3_track_code,1276.0844194889069
all_win_rate3_mother_age_code,1271.5928149223328
all_win_rate_father_age_code,1267.1564306020737
逃げ_per_entries,1266.9933096170425
all_win_rate3_owner_race_type_waku,1265.3662804365158
all_win_rate_turn_type_field_type_place_waku,1256.464506149292
all_win_rate3_breeding_farm_class_code_race_type_waku,1242.147663116455
all_win_rate_season_sex,1224.8668385744095
horse_TrueSkill_horse_Glicko2_max,1222.5821208953857
all_win_rate3_breeding_farm_class_code,1216.4205948114395
horse_win_rate3_basis_weight,1211.7967660427094
horse_TrueSkill_max_jockey_TrueSkill_min,1192.4950811862946
all_win_rate3_breeding_farm_race_type_waku,1183.2630723714828
horse_EloRating_jockey_EloRating,1182.4017177820206
all_win_rate_turn_type_waku,1178.870004415512
all_win_rate3_owner_class_code,1170.8677390813828
horse_win_rate3_season,1170.5224540233612
all_win_rate3_weather_state_place_waku,1166.3599191904068
horse_win_rate3_dist_field_type,1163.6037204265594
horse_win_rate_turn_type,1149.997671842575
lifetime_prize,1141.108721256256
all_win_rate_owner_weather,1132.7538094520569
all_win_rate3_turn_type_field_type_waku,1131.1370928287506
interval_day,1114.418037891388
all_win_rate_trainer_id_waku,1114.268547296524
horse_TrueSkill_max_jockey_TrueSkill_max,1099.2336040735245
horse_win_rate3_dist_place_class_code,1095.07091319561
all_win_rate3_turn_type_field_type_dist_type_waku,1088.5320513248444
horse_win_rate3_corner_num,1086.7648782730103
all_win_rate_trainer_id_race_type_waku,1074.0518383979797
past_corner4_rank_mean_grouped_dist,1069.5265276432037
all_win_rate3_trainer_id,1067.8869926929474
all_prize_per_racing_in_group_father_mother,1066.9875929355621
horse_win_rate3_dist_type_corner_num,1063.9750125408173
all_win_rate3_father_place_field_type,1059.4381844997406
horse_TrueSkill_max_jockey_TrueSkill,1059.1335361003876
all_win_rate3_owner_place,1028.8081413507462
Ave_3F_mean_all,1027.085207104683
past_corner4_rank_mean,1026.097821712494
all_win_rate_trainer_id_class_code,1025.2898178100586
horse_win_rate_trainer_id,1013.3577454090118
all_win_rate3_season_sex,1010.200369477272
horse_win_rate_jockey_id_field_type,980.8905655145645
all_win_rate3_weather_waku,980.1354455947876
past_last_3F_rank_mean,960.5497245788574
jockey_TrueSkill_max_horse_EloRating,960.201375246048
all_win_rate_field_type_state_waku,956.3135371208191
all_win_rate3_field_type_state_waku,953.0347330570221
all_win_rate_trainer_id_class_code_race_type_waku,952.7211282253265
all_win_rate3_season_place,951.4244879484177
past_pop_mean_grouped_dist,948.4842146635056
horse_win_rate3_dist_corner_num,945.8844821453094
all_win_rate3_field_type_waku,944.0565193891525
horse_win_rate3_dist_type,933.4393560886383
中団_per_entries,929.2033104896545
all_win_rate_horse,923.6577016115189
all_win_rate_weather_state_waku,919.9804117679596
past_rank_mean_grouped_place,905.4711929559708
horse_win_rate3_waku,903.6129132509232
all_win_rate3_mother_trainer_id,900.3911950588226
all_win_rate_weather_place_waku,899.4538049697876
horse_num,895.1059114933014
all_win_rate_turn_type_field_type_waku,885.812361240387
horse_TrueSkill_min,883.4551706314087
all_win_rate_jockey_id_place_dist,881.3608915805817
horse_TrueSkill_max_horse_Glicko2_max,878.0824418067932
all_win_rate3_father_age_code,877.0571236610413
all_win_rate_trainer_id_state_field_type,868.8831305503845
past_corner1_rank_mean_grouped_dist,856.1000578403473
all_win_rate3_weather_place_waku,853.8916360139847
all_win_rate_father_broodmare_sire_field_type,852.2900315523148
horse_TrueSkill_max,850.9833739995956
all_win_rate3_father_broodmare_sire_class_code,849.1160358190536
all_win_rate3_trainer_id_season,849.0789878368378
all_win_rate_field_type_waku,837.5720307826996
all_win_rate_mother_sex,834.2712404727936
all_win_rate3_trainer_id_jockey_id_class_code,830.5282413959503
all_win_rate3_owner_state_field_type,824.6655421257019
jockey_TrueSkill_diff_from_last3_racing,823.8264801502228
horse_win_rate3_dist_type_class_code_place,805.7054398059845
all_win_rate_trainer_id_jockey_id_class_code,798.9501115083694
all_win_rate3_mother_race_type,794.7688841819763
horse_TrueSkill_min_jockey_EloRating,794.1636910438538
all_win_rate_weather_state_place_waku,782.5300101041794
horse_win_rate3_jockey_id_season,764.8691160678864
all_win_rate_father_track_code,761.9817346334457
all_win_rate3_father_sex,756.8184946775436
basis_weight,751.2158414125443
all_win_rate_mother_age_code,738.6685215234756
ﾏｸﾘ_cumcount_past_racing,738.5193604230881
all_win_rate3_trainer_id_weather,732.9927426576614
all_win_rate3_field_type_weather_waku,732.4879803657532
all_win_rate3_weather_field_type_waku,729.3495953083038
all_win_rate3_season,728.1223599910736
all_prize_in_group_mother,724.9273018836975
all_win_rate_father_place,705.217579126358
inc_dec_mean_all,701.1814776659012
ﾏｸﾘ_per_entries,700.0062794685364
all_win_rate3_breeding_farm_class_code_field_type,699.0770492553711
jockey_EloRating_diff_from_last3_racing,692.6815905570984
all_win_rate3_father_broodmare_sire_place_field_type,691.6854168176651
horse_win_rate3_dist_type_track_code,689.4947390556335
all_win_rate_father_broodmare_sire_place_weather,675.9310423135757
all_win_rate3_field_type_dist_waku,675.8064317703247
all_win_rate3_father_trainer_id,672.067621588707
all_win_rate3_mother_dist,665.9526083469391
all_win_rate3_weather_state_waku,663.6259980201721
all_win_rate3_father_broodmare_sire_race_type,661.6714698076248
all_win_rate_trainer_id_weather,659.8889439105988
all_win_rate_breeding_farm_season,654.5162789821625
all_win_rate3_father_jockey_id,654.2484480142593
先行_cumcount_past_racing,653.2185617685318
all_win_rate3_trainer_id_state,648.0684278011322
all_win_rate_weather_state_place_field_type_waku,640.5078482627869
all_win_rate_owner_state_field_type,638.3910090923309
horse_win_rate3_season_state_class_code,635.3769702911377
all_win_rate_jockey_id,631.8252577781677
horse_win_rate_dist_type,628.3483510017395
past_corner4_rank_mean_grouped_dist_type,614.7365908622742
all_win_rate_father_jockey_id,608.0033926963806
horse_win_rate_waku_num,606.906541466713
horse_TrueSkill_min_horse_EloRating,606.492301940918
all_win_rate_trainer_id_jockey_id_season,606.3596494197845
past_pop_mean_grouped_place,600.8059406280518
horse_win_rate_weather,599.2145707607269
all_win_rate_owner_class_code_field_type,590.3068301677704
horse_win_rate3_season_weather,587.3062596321106
all_win_rate3_trainer_id_jockey_id,584.9444819688797
horse_win_rate3_dist_field_type_waku,581.2989710569382
horse_EloRating,580.2285305261612
all_win_rate_race_type_waku,578.3145508766174
all_win_rate_jockey_id_corner_num,576.6604807376862
horse_win_rate3_season_weather_class_code,576.3908479213715
all_win_rate_owner_place,571.4066405296326
all_win_rate_breeding_place_class_code_race_type_waku,570.4162714481354
all_win_rate_father_weather_state,569.2953293323517
jockey_TrueSkill_horse_EloRating,568.9244401454926
all_win_rate_father_dist,555.5395359992981
all_win_rate3_owner_season,553.465173959732
all_win_rate_father_race_type,550.0463575124741
all_win_rate3_breeding_place_race_type_waku,548.637326002121
all_win_rate3_father_breeding_farm,548.5789304971695
all_win_rate_trainer_id_jockey_id_state_field_type,547.966680765152
all_win_rate3_weather_state_field_type_waku,544.713583946228
all_win_rate3_mother_weather_state,542.2694008350372
all_win_rate3_jockey_id_turn_type_field_type_waku,539.6099579334259
all_prize_in_group_father,534.9470188617706
all_win_rate3_father_breeding_place,532.0978498458862
num_of_entries,530.1220421791077
all_win_rate_owner,529.8321437835693
all_win_rate_trainer_id_season,526.6635522842407
all_win_rate_owner_season,517.203910112381
horse_win_rate_season_weather,515.1187224388123
all_win_rate3_mother_place_dist,512.7031800746918
all_win_rate3_trainer_id_waku,511.5309590101242
horse_EloRating_horse_Glicko2_max,511.4851369857788
all_win_rate_trainer_id_jockey_id,509.65472960472107
waku_num,507.45104122161865
all_win_rate_mother_weather_season,505.71285116672516
all_win_rate3_mother_turn_type,505.65943121910095
all_win_rate_field_type_dist_waku,504.49800860881805
all_win_rate_trainer_id_jockey_id_class_code_field_type,500.8915503025055
jockey_TrueSkill_min_horse_EloRating,500.85855782032013
horse_win_rate3_dist_track_code,494.56931161880493
all_win_rate3_place_waku,492.4356849193573
all_win_rate3_dist_place_waku,490.5433439016342
all_win_rate_owner_state,490.3117833137512
all_win_rate3_corner_num_place_waku,490.0423264503479
all_win_rate3_jockey_id_place_dist,489.8107805252075
horse_win_rate_jockey_id_place,489.5879695415497
all_win_rate3_breeding_farm_season,487.0971746444702
horse_win_rate3_turn_type,486.2010464668274
jockey_TrueSkill_sigma,484.2311292886734
all_win_rate_jockey_id_place,482.97273778915405
all_win_rate3_father_broodmare_sire_breeding_farm,479.3041408061981
horse_win_rate3_weather_class_code_place,479.1139290332794
horse_TrueSkill_horse_TrueSkill_max,478.36320436000824
all_win_rate3_turn_type_place_waku,477.0216009616852
all_win_rate_father_owner,472.64092004299164
all_win_rate3_father_broodmare_sire_sex,468.6023404598236
horse_win_rate_place,457.5520706176758
all_win_rate_place_waku,456.3831012248993
all_win_rate3_father_class_code,456.15581953525543
all_win_rate_turn_type_place_waku,455.6987807750702
all_win_rate_trainer_id_jockey_id_class_code_race_type_waku,455.36477041244507
all_win_rate3_father_race_type,454.4283564090729
all_win_rate3_jockey_id_turn_type_dist_place_waku,453.7492798566818
all_win_rate3_breeding_place_place,450.83027148246765
all_win_rate_corner_num_field_type_waku,448.9946219921112
all_win_rate_jockey_id_state,444.9060009717941
all_win_rate_mother_state,438.72100698947906
all_win_rate_jockey_id_class_code_field_type,437.5544521808624
all_win_rate_turn_type_dist_type_waku,436.092973947525
all_win_rate_father_broodmare_sire_breeding_farm,435.4575500488281
all_win_rate_mother_dist_type,432.0030107498169
all_win_rate_father_broodmare_sire_place,429.2773711681366
all_win_rate3_father_broodmare_sire_breeding_place,428.51692175865173
horse_win_rate3_dist,427.13863492012024
all_win_rate_trainer_id_jockey_id_race_type_waku,418.1593792438507
all_win_rate_jockey_id_turn_type_place_waku,417.8140859603882
all_win_rate_owner_class_code,412.3696700334549
all_win_rate_weather_field_type_waku,410.67588782310486
horse_win_rate_age_type,409.21822941303253
horse_win_rate3_season_weather_state,406.08296942710876
all_win_rate3_mother_place_dist_type,405.77144861221313
all_win_rate_jockey_id_turn_type_field_type_waku,403.9737322330475
all_win_rate_mother_owner,402.61019933223724
all_win_rate_father_broodmare_sire_place_dist_type,402.4189828634262
all_win_rate3_mother_state,400.88529121875763
all_win_rate3_owner,399.43034422397614
all_win_rate_trainer_id_jockey_id_field_type,393.91202878952026
all_win_rate3_father_place_dist_type,390.3360900878906
all_win_rate_jockey_id_waku,389.8630895614624
all_win_rate3_jockey_id_turn_type,389.5967824459076
horse_win_rate_dist_type_track_code,389.5108528137207
past_rank_mean_grouped_dist_type,389.2143808603287
all_win_rate_breeding_place_waku,387.80351734161377
all_win_rate_mother_place_weather,387.72226119041443
horse_TrueSkill_min_jockey_TrueSkill_min,386.26852917671204
horse_win_rate_weight_code,380.9939595460892
all_win_rate3_mother_dist_type,380.0242590904236
horse_win_rate_corner_num,378.5357482433319
all_win_rate3_father_broodmare_sire_track_code,376.38854026794434
horse_win_rate_season_waku,375.55448055267334
all_win_rate3_jockey_id_state,371.90095686912537
all_win_rate_jockey_id_field_type,371.4186954498291
all_win_rate_jockey_id_dist_type_waku,370.96217250823975
all_win_rate3_father_broodmare_sire_dist,370.8310492038727
all_win_rate_trainer_id_jockey_id_state,368.6725500822067
horse_TrueSkill,368.37364745140076
all_win_rate_breeding_farm_weather,366.5918506383896
all_win_rate_father_dist_type,364.9194185733795
all_win_rate3_corner_num_dist_waku,364.3208312988281
all_win_rate3_breeding_farm_weather,361.452609539032
all_win_rate3_father_broodmare_sire_place_dist,360.46687936782837
all_win_rate3_jockey_id_dist_type_waku,359.8127384185791
all_win_rate_mother_place_dist_type,356.7749319076538
all_win_rate3_trainer_id_jockey_id_weather,353.1986930370331
horse_TrueSkill_max_horse_EloRating,352.231609582901
all_win_rate_trainer_id_state,351.37891149520874
horse_win_rate3_waku_num,350.5070388317108
past_rank_mean_grouped_dist,349.996298789978
all_win_rate_mother_trainer_id,349.5863285064697
all_win_rate_jockey_id_dist_type,347.43552911281586
all_win_rate_field_type_weather_waku,341.5139887332916
all_win_rate3_breeding_farm_place,341.17823898792267
all_win_rate3_mother_breeding_place,340.6908001899719
all_win_rate_jockey_id_turn_type,336.7792634963989
all_win_rate_father_breeding_place,335.3207802772522
all_win_rate_owner_class_code_race_type_waku,335.2054681777954
all_win_rate3_father_broodmare_sire,334.2120008468628
all_win_rate3_father_broodmare_sire_state,333.48373913764954
all_win_rate3_jockey_id_dist_type,330.44378423690796
all_win_rate_mother_place_field_type,329.6576900482178
jockey_TrueSkill_diff_from_last1_racing,327.72632908821106
all_win_rate3_turn_type_dist_type_waku,327.701726436615
all_win_rate_father_broodmare_sire_place_state,326.628830075264
all_win_rate_weather_state_field_type_waku,326.2493886947632
all_win_rate_mother_weather,324.6363981962204
all_win_rate3_father_owner,323.22689056396484
all_win_rate3_jockey_id_place_waku,322.88525891304016
all_win_rate_breeding_farm_race_type_waku,322.1684195995331
horse_TrueSkill_min_jockey_Glicko2_max,322.057630777359
inc_dec_mean_last_1_to_3,321.27738082408905
all_win_rate_breeding_farm_place,319.9081599712372
horse_win_rate3_jockey_id_place,317.1311985254288
past_rank_mean_grouped_waku,314.2365094423294
horse_win_rate3_place,313.99436473846436
all_win_rate3_breeding_place_weather,312.42427945137024
all_win_rate3_father_dist_type,312.4009895324707
all_win_rate3_jockey_id_corner_num_waku,310.80955028533936
all_win_rate_father_broodmare_sire_dist,306.7963602542877
all_win_rate3_father_broodmare_sire_place,304.1451983451843
all_win_rate3_trainer_id_jockey_id_state,302.93522787094116
all_win_rate3_jockey_id_weather_field_type,297.7117533683777
all_win_rate3_father_place_dist,297.4148495197296
all_win_rate_dist_waku,294.56592857837677
all_win_rate3_mother_owner,293.8635276556015
all_win_rate3_father_broodmare_sire_place_dist_type,293.8251473903656
all_win_rate_jockey_id_weather_waku,291.77953922748566
all_win_rate_father_breeding_farm,290.6795426607132
horse_win_rate3_weather_class_code_waku,289.18466877937317
horse_win_rate3_place_field_type_dist_type,286.72910714149475
all_win_rate_mother_season,285.0871306657791
all_win_rate3_trainer_id_race_type_waku,284.33588099479675
all_win_rate3_father_season,284.33022904396057
all_win_rate3_father_dist,283.2897698879242
horse_win_rate_season_state,283.0401294231415
inc_dec_last_1,282.0929306745529
all_win_rate_dist_place_waku,279.0272696018219
all_win_rate_jockey_id_place_waku,277.6420986652374
all_win_rate3_mother_sex,275.9663381576538
all_win_rate_father_broodmare_sire_track_code,275.8089904785156
all_win_rate_mother_class_code,275.1595102548599
all_win_rate_breeding_farm_class_code_field_type,274.58765029907227
all_win_rate_father_sex,274.26048851013184
all_win_rate3_mother_place_state,274.20684945583344
horse_win_rate3_dist_place,273.1589187383652
all_win_rate_father_broodmare_sire_weather_state,271.97789001464844
all_win_rate_father_place_weather_state,266.4658991098404
all_win_rate_father_broodmare_sire_owner,265.43987941741943
horse_win_rate3_weather_class_code_state,263.6120593547821
all_win_rate_turn_type_field_type_dist_type_waku,263.2481598854065
all_win_rate_jockey_id_turn_type_dist_waku,261.54190850257874
all_win_rate_jockey_id_turn_type_dist_place_waku,261.1314617395401
inc_dec_rate,259.65571880340576
inc_dec_last_2,257.036009311676
all_win_rate3_father_broodmare_sire_place_weather,255.2716600894928
all_win_rate3_jockey_id,254.87288069725037
all_win_rate_breeding_place_class_code,253.86152029037476
all_win_rate3_breeding_place_season,253.54220008850098
all_win_rate_mother_dist,252.85607981681824
all_win_rate3_trainer_id_jockey_id_race_type_waku,249.3830602169037
jockey_EloRating_diff_from_last1_racing,247.9533495903015
all_win_rate3_father_broodmare_sire_place_state,247.8164609670639
horse_win_rate3_place_field_type_dist,247.70597851276398
all_prize_in_group_broodmare_sire,247.5049295425415
horse_TrueSkill_min_jockey_Glicko2,245.1994309425354
horse_win_rate_season_weather_state,244.31466960906982
jockey_Glicko2_RD,243.62461113929749
all_win_rate3_jockey_id_turn_type_field_type,242.57732152938843
all_win_rate_breeding_farm_waku,242.33543825149536
all_win_rate_jockey_id_season_waku,241.67852091789246
all_win_rate_father_place_dist,241.04992032051086
horse_TrueSkill_max_jockey_Glicko2,239.69846844673157
inc_dec_last_3,238.97856950759888
all_win_rate3_father_turn_type,236.220609664917
all_win_rate3_jockey_id_waku,234.0009479522705
all_win_rate_jockey_id_turn_type_field_type,231.34360122680664
all_win_rate_corner_num_place_waku,230.52727675437927
horse_win_rate_dist_corner_num,230.11268091201782
all_win_rate3_father_broodmare_sire_dist_type,228.42645955085754
all_win_rate_father_broodmare_sire_place_dist,228.1820012331009
all_win_rate3_father_broodmare_sire_weather_season,227.11850023269653
all_win_rate_breeding_place_weather,226.6713104248047
all_win_rate3_owner_waku,225.5029399394989
all_win_rate3_mother_place,224.04989910125732
all_win_rate_mother_breeding_farm,222.96335995197296
all_win_rate3_jockey_id_state_waku,220.96554231643677
horse_win_rate_dist_field_type,220.8894693851471
Ave_3F_mean_last_1_to_3,220.82864940166473
inc_dec,219.72584974765778
all_win_rate_breeding_place_race_type_waku,218.20917987823486
horse_TrueSkill_sigma,216.89794898033142
all_win_rate_father_broodmare_sire_trainer_id,216.63082146644592
all_win_rate3_mother_breeding_farm,215.2702796459198
all_win_rate3_mother_season,214.5075204372406
後方_per_entries,213.38579106330872
all_win_rate3_father,210.2072787284851
all_win_rate_father_turn_type,208.9667809009552
all_win_rate_father_broodmare_sire_weather,207.05995988845825
all_win_rate_corner_num_dist_waku,206.6917188167572
Ave_3F_last_1,204.4060298204422
horse_win_rate3_weather_waku,202.35898852348328
horse_win_rate_weather_waku,200.177729845047
all_win_rate_father_broodmare_sire_state,199.42749059200287
horse_win_rate_dist_type_corner_num,199.41170001029968
horse_TrueSkill_max_jockey_Glicko2_max,199.4095698595047
all_win_rate_breeding_place_place,196.27453112602234
all_win_rate3_owner_weather,195.7297706604004
horse_win_rate_dist_place_waku,194.98668003082275
horse_TrueSkill_max_jockey_Glicko2_min,194.96292161941528
horse_TrueSkill_min_jockey_Glicko2_min,194.29557180404663
horse_win_rate_weather_state,192.84524965286255
all_win_rate_jockey_id_weather_field_type,192.41468119621277
all_win_rate_owner_waku,192.1112983226776
all_win_rate_father_broodmare_sire_breeding_place,190.6116602420807
Ave_3F_last_3,190.0813307762146
all_win_rate_jockey_id_state_waku,185.94986963272095
all_win_rate3_father_place,185.65883898735046
all_win_rate_mother_place_state,184.48096919059753
all_prize_in_group_father_broodmare_sire,184.3730983734131
all_win_rate_father_broodmare_sire_jockey_id,183.94058966636658
past_rank_mean_grouped_dist_type_waku,183.07073044776917
jockey_EloRating,181.66576981544495
all_win_rate3_jockey_id_weather_state_field_type,181.63961851596832
all_win_rate3_jockey_id_class_code_field_type,180.5287607908249
horse_Glicko2_max_jockey_Glicko2_max,176.81405234336853
all_win_rate3_mother_weather,176.3792600631714
all_win_rate_jockey_id_season,175.37695145606995
all_win_rate3_jockey_id_place,174.95952916145325
all_win_rate_breeding_farm_class_code,172.5187201499939
horse_win_rate3_jockey_id_weather,172.38131070137024
all_win_rate3_breeding_farm_state_field_type,171.47336053848267
all_win_rate3_jockey_id_field_type,169.77311968803406
all_win_rate3_father_broodmare_sire_season,169.00039994716644
all_win_rate_father_place_state,168.84844970703125
Ave_3F_last_2,167.8952808380127
all_win_rate3_father_place_weather_state,166.4145702123642
all_win_rate_jockey_id_weather,164.1379017829895
all_win_rate_breeding_farm_state_field_type,163.74378967285156
all_win_rate3_father_place_state,161.41575860977173
all_win_rate_trainer_id_jockey_id_weather,157.92357993125916
all_win_rate_father_broodmare_sire_place_weather_state,156.49121022224426
jockey_TrueSkill_max,156.36623752117157
all_win_rate3_father_broodmare_sire_place_weather_state,155.15737986564636
jockey_TrueSkill_jockey_EloRating,154.257319688797
all_win_rate3_dist_waku,148.25764894485474
day_of_year,148.1159394979477
all_prize_per_racing_in_group_mother,147.42905974388123
horse_win_rate3_season_weather_state_class_code,146.1674016714096
all_win_rate_breeding_farm_state,145.82189965248108
all_win_rate_father_place_field_type,145.11914920806885
all_win_rate3_father_state,145.10206127166748
all_win_rate_father_broodmare_sire_dist_type,143.4817703962326
horse_win_rate_place_field_type_dist_type,142.9905104637146
all_win_rate_mother_jockey_id,142.7693498134613
all_win_rate_jockey_id_corner_num_waku,142.16610050201416
jockey_TrueSkill_max_jockey_EloRating,141.78936052322388
all_win_rate_mother_turn_type,141.35938930511475
horse_win_rate_jockey_id,140.4946894645691
all_win_rate3_jockey_id_weather_waku,140.22908878326416
all_win_rate3_owner_state,139.53040194511414
all_win_rate3_jockey_id_turn_type_place_waku,139.366468667984
all_win_rate3_breeding_farm_field_type,139.34288096427917
all_win_rate_father,138.65012121200562
all_win_rate_father_broodmare_sire_place_field_type,137.64268851280212
horse_win_rate3_season_waku,135.8637809753418
all_win_rate_breeding_place_state,134.49289965629578
all_win_rate_father_place_dist_type,133.10404002666473
all_win_rate3_father_broodmare_sire_turn_type,132.98629987239838
all_win_rate_breeding_place_class_code_field_type,132.79710030555725
all_win_rate_owner_race_type_waku,131.7151803970337
all_win_rate3_father_place_weather,130.93951952457428
後方_cumcount_past_racing,129.09048056602478
horse_win_rate3_weather,128.4152194261551
all_win_rate_mother_breeding_place,127.11940038204193
all_prize_per_racing_in_group_broodmare_sire,125.41797018051147
jockey_TrueSkill_max_jockey_Glicko2_max,125.24954032897949
horse_win_rate_dist_track_code,124.84756064414978
all_win_rate3_jockey_id_season_waku,124.80016851425171
all_win_rate_breeding_farm_class_code_race_type_waku,123.99726009368896
month_cos,123.36446022987366
all_win_rate_father_broodmare_sire_weather_season,122.08933007717133
all_win_rate3_breeding_place,121.46739029884338
all_win_rate_mother_weather_state,119.84265971183777
all_win_rate3_father_weather,117.8845204114914
jockey_TrueSkill_max_jockey_Glicko2,116.59677839279175
all_win_rate3_breeding_place_class_code_race_type_waku,113.1420407295227
all_win_rate_mother_race_type,112.31648993492126
all_win_rate3_jockey_id_corner_num,111.56189918518066
jockey_TrueSkill_jockey_TrueSkill_max,111.36296916007996
all_win_rate_breeding_farm,111.3526701927185
all_win_rate3_mother,111.2121193408966
all_win_rate_father_broodmare_sire_turn_type,110.89273059368134
all_win_rate_breeding_farm_field_type,109.16905045509338
all_win_rate3_jockey_id_turn_type_dist_waku,108.37831020355225
all_win_rate3_jockey_id_weather,108.1236617565155
horse_TrueSkill_jockey_Glicko2_max,107.975830078125
all_win_rate_breeding_place_state_field_type,107.67544865608215
all_win_rate_mother,106.87951016426086
jockey_TrueSkill_jockey_Glicko2,106.28106844425201
all_win_rate3_mother_place_weather,106.22664999961853
all_win_rate_father_class_code,105.36041069030762
jockey_TrueSkill_jockey_Glicko2_max,104.2437813282013
all_win_rate_breeding_place,103.00130939483643
horse_win_rate3_state,102.08480072021484
all_win_rate_father_place_weather,101.97610080242157
jockey_TrueSkill_max_jockey_Glicko2_min,101.4818503856659
all_win_rate_mother_place_dist,101.1701911687851
horse_TrueSkill_jockey_Glicko2,100.72456002235413
horse_win_rate_dist_waku,100.39274978637695
all_win_rate3_mother_weather_season,99.90540969371796
all_win_rate3_father_broodmare_sire_weather,99.78659105300903
horse_win_rate3_dist_place_waku,99.04006922245026
all_win_rate_father_broodmare_sire_sex,97.55978035926819
all_win_rate3_father_weather_season,97.33731961250305
all_win_rate_father_broodmare_sire_season,96.54014039039612
all_win_rate_father_broodmare_sire,96.44717049598694
horse_win_rate_jockey_id_season,93.98236989974976
all_win_rate_jockey_id_weather_state,93.89251947402954
jockey_TrueSkill_min_jockey_Glicko2_max,92.9112696647644
all_win_rate_mother_place,92.61968040466309
all_win_rate_father_broodmare_sire_race_type,91.56463956832886
horse_win_rate3_season_state,91.41323924064636
all_win_rate3_trainer_id_jockey_id_season,90.91566944122314
all_win_rate_father_state,90.12784099578857
all_win_rate3_breeding_farm_waku,89.7931694984436
all_win_rate_father_season,89.04792046546936
all_win_rate_father_trainer_id,87.26655995845795
jockey_TrueSkill_min_jockey_Glicko2,84.6579999923706
horse_win_rate_season,80.21898007392883
all_prize_per_racing_in_group_father_broodmare_sire,79.69516897201538
horse_win_rate3_dist_waku,79.55613088607788
jockey_TrueSkill_min,79.0612096786499
all_win_rate3_breeding_place_class_code_field_type,74.9100284576416
horse_Glicko2_jockey_Glicko2_max,74.40009069442749
jockey_EloRating_jockey_Glicko2,74.02700996398926
all_win_rate_jockey_id_weather_season,73.29714000225067
all_win_rate3_jockey_id_season,73.21782112121582
all_win_rate_breeding_place_field_type,72.86534023284912
horse_win_rate_waku,71.34103083610535
jockey_TrueSkill_jockey_TrueSkill_min,70.320809841156
all_win_rate3_breeding_place_class_code,69.73153018951416
horse_TrueSkill_horse_EloRating,69.2725396156311
horse_win_rate_dist_place,66.48499965667725
jockey_TrueSkill_min_jockey_EloRating,66.23651957511902
horse_win_rate_dist,66.00909948348999
all_win_rate3_breeding_place_waku,65.77908945083618
all_win_rate3_trainer_id_jockey_id_class_code_race_type_waku,65.74011969566345
all_win_rate_father_broodmare_sire_class_code,65.65209984779358
all_win_rate_father_broodmare_sire_age_code,65.3894305229187
horse_win_rate_state,65.35100984573364
horse_Glicko2_max_jockey_Glicko2,64.67018008232117
all_win_rate3_breeding_farm_state,63.867980003356934
jockey_TrueSkill,63.85776948928833
all_win_rate3_jockey_id_weather_state,63.641990661621094
jockey_EloRating_jockey_Glicko2_max,62.989800691604614
horse_win_rate_place_field_type_dist,61.87605953216553
horse_win_rate_basis_weight,61.74945044517517
all_win_rate3_breeding_farm,60.48111057281494
all_win_rate3_breeding_place_field_type,60.24754047393799
all_win_rate3_jockey_id_weather_season,58.77399945259094
all_win_rate_father_weather,58.19570016860962
horse_win_rate_weather_class_code_waku,57.412349700927734
horse_win_rate_age_code,55.62461018562317
month,53.467039823532104
all_win_rate3_father_weather_state,52.80328059196472
all_win_rate3_breeding_place_state_field_type,52.0558797121048
all_win_rate3_father_broodmare_sire_weather_state,49.04074990749359
jockey_Glicko2_max,47.39583969116211
all_win_rate_breeding_place_season,46.194520711898804
horse_win_rate_dist_field_type_waku,44.91634023189545
all_win_rate_jockey_id_weather_state_field_type,42.74024987220764
horse_win_rate3_weather_state,41.68088102340698
horse_win_rate3_weather_place,40.830260038375854
horse_TrueSkill_jockey_Glicko2_min,39.768749952316284
horse_Glicko2_jockey_Glicko2_min,39.01821994781494
horse_Glicko2_min_jockey_Glicko2_max,37.770530223846436
horse_Glicko2_jockey_Glicko2,37.460840344429016
jockey_TrueSkill_jockey_Glicko2_min,36.91618037223816
horse_Glicko2_max_jockey_Glicko2_min,36.363380432128906
horse_win_rate_jockey_id_weather,35.261240005493164
all_win_rate3_mother_place_weather_state,34.512059688568115
jockey_EloRating_jockey_Glicko2_min,33.2435302734375
jockey_TrueSkill_min_jockey_TrueSkill_max,33.22850060462952
all_win_rate3_trainer_id_class_code_race_type_waku,33.17672038078308
jockey_Glicko2_jockey_Glicko2_min,32.35640025138855
horse_Glicko2_min_jockey_Glicko2,32.21155071258545
all_win_rate_father_weather_season,32.01989984512329
all_win_rate3_breeding_place_state,25.8541202545166
jockey_Glicko2_min_jockey_Glicko2_max,25.673530101776123
horse_win_rate_weather_place,23.259090423583984
day_of_year_cos,23.154080152511597
jockey_TrueSkill_min_jockey_Glicko2_min,22.526430130004883
horse_Glicko2_min_jockey_Glicko2_min,21.425270080566406
horse_EloRating_jockey_Glicko2_max,20.377710342407227
horse_win_rate_class_code,19.692409992218018
jockey_Glicko2,18.17583990097046
jockey_Glicko2_jockey_Glicko2_max,13.495009660720825
all_win_rate_mother_place_weather_state,9.11040997505188
jockey_Glicko2_min,2.593440055847168
horse_EloRating_jockey_Glicko2_min,2.403700113296509
horse_win_rate_season_class_code,2.350909948348999
horse_win_rate_weather_class_code_state,2.28590989112854
day_cos,0.0
day,0.0
day_of_week,0.0
year_cos,0.0
all_win_rate_season,0.0
day_of_week_cos,0.0
all_win_rate_season_place,0.0
horse_EloRating_jockey_Glicko2,0.0
horse_win_rate_season_weather_state_class_code,0.0
horse_win_rate_dist_class_code,0.0
horse_win_rate_dist_place_class_code,0.0
horse_win_rate_dist_type_class_code_place,0.0
horse_win_rate_dist_type_class_code,0.0
horse_win_rate_season_weather_class_code,0.0
horse_win_rate_season_state_class_code,0.0
horse_win_rate_weather_class_code_place,0.0
